,price,area,bedrooms,bathrooms,stories,mainroad,guestroom,basement,hotwaterheating,airconditioning,parking,prefarea,furnishingstatus
0,1.0,0.4580246913580247,4,2,3,1,0,0,0,1,2,1,1.0
1,0.9210526315789473,0.5530864197530864,4,4,4,1,0,0,0,1,3,0,1.0
2,0.9210526315789473,0.6148148148148148,3,2,2,1,0,1,0,0,2,1,0.5
3,0.9184210526315789,0.46296296296296297,4,2,2,1,0,1,0,1,3,1,1.0
4,0.8578947368421053,0.4580246913580247,4,1,2,1,1,1,0,1,2,0,1.0
5,0.8157894736842105,0.46296296296296297,3,3,1,1,0,1,0,1,2,1,0.5
6,0.7631578947368421,0.5296296296296297,4,3,4,1,0,0,0,1,2,1,0.5
7,0.7631578947368421,1.0,5,3,2,1,0,0,0,0,0,0,0.0
8,0.7421052631578947,0.5,4,1,2,1,1,1,0,1,2,1,1.0
9,0.7368421052631579,0.3549382716049383,3,2,4,1,1,0,0,1,1,1,0.0
10,0.7368421052631579,0.8148148148148148,3,1,2,1,0,1,0,1,2,1,1.0
11,0.7278947368421053,0.37037037037037035,4,3,2,1,1,1,1,0,2,0,0.5
12,0.7,0.404320987654321,4,2,2,1,0,0,0,1,1,1,0.5
13,0.6947368421052632,0.21604938271604937,4,2,2,1,0,0,1,0,2,0,1.0
14,0.6947368421052632,0.48148148148148145,3,2,2,1,0,0,0,0,0,1,0.5
15,0.6842105263157895,0.37037037037037035,4,1,2,1,0,1,0,0,2,0,0.5
16,0.6842105263157895,0.4074074074074074,4,2,2,1,1,1,0,1,1,1,0.0
17,0.6736842105263158,0.5246913580246914,3,2,4,1,0,0,0,1,2,0,1.0
18,0.6684210526315789,0.2839506172839506,3,2,2,1,1,0,0,1,2,0,1.0
19,0.6657894736842105,0.3962962962962963,3,2,2,1,0,0,0,1,1,1,0.5
20,0.6578947368421053,0.26666666666666666,3,1,2,1,0,1,1,0,2,0,0.5
21,0.6526315789473685,0.44166666666666665,3,2,1,1,1,1,0,1,2,0,0.0
22,0.65,0.49691358024691357,3,1,1,1,1,1,0,1,1,0,1.0
23,0.65,0.2814814814814815,3,2,2,1,1,1,0,1,1,0,1.0
24,0.6447368421052632,0.5432098765432098,3,2,2,1,0,0,0,1,2,0,1.0
25,0.6421052631578947,0.40370370370370373,4,2,2,1,1,1,0,1,2,1,1.0
26,0.6363157894736842,0.37037037037037035,3,2,4,1,1,1,0,1,0,1,0.5
27,0.631578947368421,0.5478395061728395,3,1,1,1,0,0,0,0,1,0,0.5
28,0.631578947368421,0.49074074074074076,5,2,2,1,0,1,1,0,2,0,0.0
29,0.631578947368421,0.3395061728395062,4,2,2,1,0,1,0,1,1,1,0.5
30,0.631578947368421,0.46141975308641975,3,2,4,1,0,0,0,1,2,0,0.0
31,0.631578947368421,0.43209876543209874,3,1,4,1,0,0,0,1,2,0,0.5
32,0.6236842105263158,0.3012345679012346,4,2,2,1,0,0,0,1,1,1,1.0
33,0.6157894736842106,0.36790123456790125,3,3,2,1,1,1,0,0,1,0,0.0
34,0.6105263157894737,0.4222222222222222,5,1,2,1,1,1,0,1,1,0,1.0
35,0.6075894736842106,0.43209876543209874,3,2,4,1,0,0,0,1,2,0,1.0
36,0.6047368421052631,0.46185185185185185,3,2,3,1,0,0,1,0,1,1,1.0
37,0.6,0.5555555555555556,4,2,4,1,0,0,0,1,2,0,1.0
38,0.5986842105263158,0.37037037037037035,3,1,4,1,1,0,0,1,2,0,0.0
39,0.5947368421052631,0.37037037037037035,4,2,4,1,0,0,0,1,1,0,0.5
40,0.5921052631578947,0.404320987654321,3,1,2,1,0,1,0,1,0,1,1.0
41,0.5894736842105263,0.3925925925925926,3,2,4,1,0,0,0,1,0,1,1.0
42,0.5789473684210527,0.4,3,2,4,1,0,0,0,1,2,0,0.0
43,0.5789473684210527,0.37037037037037035,4,2,4,1,0,0,0,0,2,0,0.5
44,0.5684210526315789,0.37037037037037035,4,2,4,1,0,0,0,1,1,0,1.0
45,0.5684210526315789,0.37037037037037035,3,2,3,1,0,0,0,1,0,0,0.5
46,0.5657894736842105,0.37037037037037035,3,2,4,1,0,0,0,1,1,0,1.0
47,0.5631578947368421,0.4074074074074074,3,1,4,1,0,0,0,1,3,1,1.0
48,0.5605263157894737,0.2654320987654321,3,2,2,1,0,1,0,0,1,0,0.0
49,0.5578947368421052,0.45925925925925926,3,2,1,1,1,1,0,1,0,1,0.5
50,0.5578947368421052,0.45925925925925926,3,2,4,1,0,0,0,0,1,1,0.0
51,0.5578947368421052,0.3904320987654321,3,1,4,1,0,0,0,1,1,0,0.0
52,0.5526315789473685,0.37037037037037035,4,2,4,1,1,0,0,1,1,0,1.0
53,0.5526315789473685,0.31790123456790126,3,2,4,1,0,0,0,1,2,0,0.5
54,0.5526315789473685,0.37037037037037035,3,2,2,1,1,0,0,1,1,0,0.5
55,0.5526315789473685,0.37037037037037035,3,1,2,1,0,0,0,1,1,0,0.0
56,0.5521052631578948,0.7061728395061728,4,1,2,1,0,1,0,0,1,1,0.5
57,0.5447368421052632,0.5555555555555556,4,2,4,1,1,0,0,1,1,1,1.0
58,0.5421052631578948,0.4740740740740741,4,2,4,1,1,0,0,1,1,0,0.5
59,0.5421052631578948,0.37037037037037035,3,2,4,1,1,0,0,1,1,0,1.0
60,0.5368421052631579,0.37037037037037035,3,2,2,1,1,0,0,0,1,0,0.5
61,0.531578947368421,0.5481481481481482,2,1,1,1,0,0,0,1,1,0,0.5
62,0.531578947368421,0.3851851851851852,4,2,2,1,0,0,0,1,1,0,1.0
63,0.5289473684210526,0.3925925925925926,4,2,3,1,0,0,0,1,2,1,1.0
64,0.5263157894736842,0.6898148148148148,3,1,1,1,0,1,0,1,1,1,1.0
65,0.5210526315789473,0.5481481481481482,3,2,2,1,0,1,0,1,1,0,1.0
66,0.5210526315789473,0.8148148148148148,2,1,1,1,0,1,1,0,1,0,1.0
67,0.5184210526315789,0.47530864197530864,3,2,1,1,0,0,0,0,2,0,0.0
68,0.5157894736842106,0.37037037037037035,3,1,1,1,0,0,0,1,1,0,1.0
69,0.5105263157894737,0.7462962962962963,4,2,2,1,0,0,0,0,2,1,1.0
70,0.5105263157894737,0.24691358024691357,3,2,2,1,0,1,0,1,0,1,0.5
71,0.5078947368421053,0.37037037037037035,4,2,4,1,0,0,0,1,0,0,0.0
72,0.5052631578947369,0.30987654320987656,3,1,4,1,0,0,0,1,0,1,0.0
73,0.5026315789473684,0.4074074074074074,2,2,4,1,0,1,0,0,0,1,1.0
74,0.5,0.24938271604938272,3,1,2,1,0,1,1,0,1,0,1.0
75,0.5,0.26296296296296295,4,2,2,1,0,0,1,0,0,0,0.5
76,0.5,0.3962962962962963,3,2,3,1,0,0,0,1,0,1,1.0
77,0.5,0.4012345679012346,3,2,3,1,0,0,0,1,0,1,1.0
78,0.5,0.35185185185185186,3,1,1,1,1,1,0,1,2,1,1.0
79,0.5,0.37037037037037035,3,2,3,1,1,0,0,1,0,0,1.0
80,0.49842105263157893,0.37037037037037035,3,1,2,1,0,0,1,0,1,1,0.5
81,0.49736842105263157,0.24691358024691357,3,2,2,1,0,1,0,1,1,0,0.5
82,0.49736842105263157,0.6481481481481481,3,2,1,1,0,1,0,1,1,1,1.0
83,0.49473684210526314,0.37037037037037035,3,2,4,1,0,0,0,1,0,0,0.5
84,0.48947368421052634,0.23209876543209876,3,1,2,1,0,0,1,0,2,0,0.5
85,0.48947368421052634,0.5092592592592593,3,2,3,1,0,0,0,1,0,0,1.0
86,0.48947368421052634,0.41172839506172837,3,1,3,1,0,1,0,0,0,1,0.0
87,0.4868421052631579,0.24444444444444444,3,1,1,1,0,1,0,0,2,0,0.5
88,0.4868421052631579,0.45740740740740743,3,1,1,1,1,1,0,1,2,1,0.0
89,0.4842105263157895,0.5296296296296297,5,3,2,1,0,0,0,0,2,0,1.0
90,0.4842105263157895,0.30864197530864196,3,1,2,1,0,0,0,1,0,0,0.5
91,0.4826315789473684,0.4166666666666667,2,1,1,1,1,1,0,0,2,1,1.0
92,0.48157894736842105,0.2962962962962963,3,2,4,1,1,0,0,1,0,0,1.0
93,0.47368421052631576,0.4444444444444444,3,2,1,1,0,1,0,1,3,0,0.5
94,0.47368421052631576,0.37037037037037035,4,2,4,1,0,0,0,0,1,0,0.5
95,0.47368421052631576,0.25308641975308643,3,2,3,1,0,0,0,1,2,0,0.5
96,0.47368421052631576,0.5555555555555556,3,1,1,1,0,1,0,0,1,1,1.0
97,0.47368421052631576,0.3950617283950617,3,1,1,1,1,1,0,1,1,1,0.5
98,0.4731578947368421,0.4074074074074074,3,2,3,1,0,0,0,1,0,1,0.0
99,0.4710526315789474,0.37037037037037035,4,1,3,1,1,1,0,0,0,1,0.0
100,0.46842105263157896,0.4074074074074074,3,2,1,1,0,1,0,1,0,1,0.0
101,0.46842105263157896,0.3395061728395062,3,1,3,1,0,0,0,0,1,1,0.0
102,0.46578947368421053,0.3395061728395062,3,2,4,1,1,0,0,1,1,0,0.5
103,0.46578947368421053,0.39197530864197533,3,2,3,1,1,0,0,1,0,0,1.0
104,0.46578947368421053,0.3395061728395062,3,2,1,1,1,1,0,0,2,1,1.0
105,0.4631578947368421,0.2777777777777778,3,1,4,1,0,0,0,1,0,0,0.0
106,0.4631578947368421,0.33641975308641975,4,2,1,1,0,1,0,1,0,1,0.5
107,0.4605263157894737,0.3962962962962963,3,1,3,1,0,1,0,0,0,1,0.0
108,0.45921052631578946,0.2,4,1,3,1,0,0,0,0,1,0,0.5
109,0.45789473684210524,0.4083333333333333,4,2,2,1,1,0,1,0,1,0,0.5
110,0.45789473684210524,0.4074074074074074,3,1,1,1,1,1,0,0,2,1,0.5
111,0.45789473684210524,0.5167901234567901,3,1,3,1,0,0,0,1,2,0,0.0
112,0.4573684210526316,0.2654320987654321,6,2,2,1,0,0,0,0,0,0,1.0
113,0.4573684210526316,0.5938271604938271,3,1,1,1,0,1,0,0,2,1,1.0
114,0.45263157894736844,0.41975308641975306,2,1,1,1,1,1,0,0,2,0,1.0
115,0.45263157894736844,0.49382716049382713,3,1,1,1,1,1,0,1,2,1,0.5
116,0.45263157894736844,0.42592592592592593,3,2,1,1,1,1,0,0,0,1,0.0
117,0.4473684210526316,0.22839506172839505,4,1,2,1,1,0,0,1,0,0,1.0
118,0.4473684210526316,0.3962962962962963,3,1,1,1,0,1,0,1,0,1,1.0
119,0.4473684210526316,0.43333333333333335,3,1,1,1,0,1,0,1,2,1,0.5
120,0.4473684210526316,0.40370370370370373,3,1,1,1,1,1,0,0,2,1,1.0
121,0.4473684210526316,0.44635802469135805,3,1,2,1,1,1,0,1,0,1,0.5
122,0.4473684210526316,0.3860493827160494,4,2,1,1,0,1,0,0,1,1,0.5
123,0.4473684210526316,0.45185185185185184,4,2,2,1,0,0,0,0,0,0,1.0
124,0.4473684210526316,0.4027777777777778,3,2,4,1,0,0,0,0,1,0,1.0
125,0.4468421052631579,0.9629629629629629,3,1,1,1,0,0,0,1,2,0,0.5
126,0.4421052631578947,0.4419753086419753,3,1,1,1,0,1,0,0,2,1,0.0
127,0.4421052631578947,0.4012345679012346,3,2,3,1,0,0,0,1,0,0,0.0
128,0.44157894736842107,0.3395061728395062,3,1,3,1,1,0,0,1,1,0,1.0
129,0.44157894736842107,0.7074074074074074,3,1,3,1,0,0,0,0,2,1,0.5
130,0.44105263157894736,0.2962962962962963,3,1,1,1,1,1,0,0,0,0,0.0
131,0.4368421052631579,0.35975308641975307,4,1,4,1,1,0,0,0,0,0,0.5
132,0.4368421052631579,0.32098765432098764,3,1,3,1,0,0,0,1,0,0,0.5
133,0.4368421052631579,0.2962962962962963,3,1,3,1,0,0,0,1,0,0,0.0
134,0.4363157894736842,0.43209876543209874,3,1,1,1,0,1,0,0,2,1,0.5
135,0.4342105263157895,0.37037037037037035,3,2,4,1,0,0,0,1,0,0,0.0
136,0.43157894736842106,0.3333333333333333,4,2,2,1,0,0,0,1,2,0,0.0
137,0.43157894736842106,0.28641975308641976,4,1,2,1,0,0,0,0,1,0,0.5
138,0.43157894736842106,0.30864197530864196,3,1,3,1,0,0,0,1,0,0,0.5
139,0.43157894736842106,0.3925925925925926,3,1,1,1,1,1,0,1,2,1,1.0
140,0.43157894736842106,0.35802469135802467,3,2,4,1,0,0,0,1,0,0,0.0
141,0.425,0.4111111111111111,4,2,2,1,1,1,0,0,1,1,0.5
142,0.42105263157894735,0.6481481481481481,4,2,2,1,0,0,0,0,1,0,0.5
143,0.42105263157894735,0.2962962962962963,5,2,3,0,0,1,1,0,0,0,0.0
144,0.42105263157894735,0.29012345679012347,4,1,2,1,1,1,0,1,1,0,1.0
145,0.42105263157894735,0.30864197530864196,3,1,4,1,0,0,0,0,0,0,1.0
146,0.42105263157894735,0.6481481481481481,2,1,1,1,0,0,0,0,1,0,0.5
147,0.42105263157894735,0.3395061728395062,3,2,2,1,0,0,0,0,1,0,0.5
148,0.42105263157894735,0.3925925925925926,3,1,3,1,0,0,0,0,0,1,0.5
149,0.42105263157894735,0.4074074074074074,4,2,1,1,0,1,0,0,0,1,0.5
150,0.42105263157894735,0.31703703703703706,3,1,2,1,1,1,0,1,0,1,0.0
151,0.41842105263157897,0.2716049382716049,4,1,2,1,0,0,0,1,2,1,0.5
152,0.41842105263157897,0.3333333333333333,5,1,2,1,1,1,0,1,0,1,1.0
153,0.41578947368421054,0.2037037037037037,3,3,2,1,0,1,0,0,0,0,0.5
154,0.41578947368421054,0.22530864197530864,3,2,2,1,0,0,0,0,2,0,0.5
155,0.41578947368421054,0.3765432098765432,3,2,1,1,0,1,0,0,2,1,1.0
156,0.41526315789473683,0.42592592592592593,3,1,1,1,1,1,0,0,0,1,0.5
157,0.4131578947368421,0.1738888888888889,4,2,2,0,1,1,0,0,1,0,1.0
158,0.4131578947368421,0.4925925925925926,3,1,1,1,0,0,0,0,2,0,0.5
159,0.4105263157894737,0.19444444444444445,3,2,1,1,1,1,0,1,0,0,1.0
160,0.4105263157894737,0.38333333333333336,4,1,4,1,1,0,0,1,0,0,1.0
161,0.4105263157894737,0.3765432098765432,3,1,3,1,1,0,0,1,0,1,0.5
162,0.4105263157894737,0.4074074074074074,4,2,2,1,1,1,0,0,0,1,0.5
163,0.40789473684210525,0.4212962962962963,3,1,1,1,1,1,0,1,0,1,0.5
164,0.4052631578947368,0.4141975308641975,3,2,2,1,1,1,0,0,1,1,1.0
165,0.4047368421052632,0.39814814814814814,3,2,1,1,1,1,1,0,0,0,0.0
166,0.4,0.48148148148148145,3,1,1,1,0,1,0,1,2,1,0.0
167,0.3973684210526316,0.2839506172839506,2,2,1,1,0,0,0,1,2,0,0.5
168,0.39473684210526316,0.26296296296296295,4,1,2,1,0,1,0,1,0,0,1.0
169,0.39473684210526316,0.40370370370370373,4,2,2,0,0,0,0,1,0,0,0.5
170,0.39473684210526316,0.3395061728395062,3,2,1,1,0,1,0,0,0,0,0.5
171,0.39473684210526316,0.6338888888888888,3,1,1,1,0,0,0,0,1,1,0.5
172,0.39473684210526316,0.5185185185185185,3,1,2,1,1,1,0,1,2,1,0.0
173,0.39473684210526316,0.3271604938271605,4,2,1,1,0,0,0,1,0,1,0.0
174,0.39473684210526316,0.2345679012345679,3,1,2,1,1,1,0,0,1,1,0.0
175,0.39473684210526316,0.6049382716049383,4,2,2,1,1,0,0,0,2,0,0.5
176,0.39473684210526316,0.5259259259259259,3,1,1,1,0,0,0,1,2,0,1.0
177,0.39421052631578946,0.3734567901234568,3,1,1,1,0,1,0,0,0,1,0.5
178,0.3931578947368421,0.43734567901234567,3,1,1,1,1,1,0,0,2,1,0.5
179,0.39210526315789473,0.1962962962962963,3,2,2,1,0,0,0,0,2,0,0.5
180,0.39210526315789473,0.2777777777777778,4,2,1,0,0,1,0,1,2,0,0.5
181,0.39210526315789473,0.4444444444444444,3,1,2,1,1,1,0,0,1,1,1.0
182,0.3868421052631579,0.21049382716049383,3,1,2,0,0,0,0,1,0,0,0.5
183,0.3868421052631579,0.4925925925925926,3,1,1,1,0,0,0,0,1,1,0.5
184,0.38421052631578945,0.18518518518518517,3,2,2,1,1,1,0,0,0,0,1.0
185,0.38421052631578945,0.18518518518518517,3,1,2,1,0,1,0,0,0,0,0.0
186,0.38421052631578945,0.7043209876543209,2,1,2,1,0,0,0,0,0,1,1.0
187,0.38421052631578945,0.3765432098765432,3,1,1,1,0,1,0,1,0,1,0.5
188,0.3815789473684211,0.3530864197530864,2,1,2,1,0,0,0,1,0,1,0.0
189,0.37894736842105264,0.21851851851851853,2,1,1,0,1,1,0,0,0,0,0.5
190,0.37894736842105264,0.4691358024691358,4,1,2,1,0,0,0,1,2,0,1.0
191,0.37894736842105264,0.6604938271604939,3,1,2,1,1,1,0,0,0,0,0.5
192,0.37894736842105264,0.4074074074074074,3,1,1,1,1,1,0,0,0,1,1.0
193,0.37842105263157894,0.2962962962962963,2,1,1,1,1,1,0,0,0,0,0.5
194,0.3763157894736842,0.5030864197530864,3,2,1,1,1,1,0,0,0,0,0.5
195,0.3736842105263158,0.2722222222222222,4,3,2,1,0,1,0,0,2,0,0.5
196,0.3736842105263158,0.47444444444444445,3,1,1,1,1,1,1,0,0,0,0.5
197,0.3726315789473684,0.1728395061728395,3,2,2,0,0,1,0,1,1,0,0.5
198,0.37105263157894736,0.3671604938271605,3,1,2,1,0,0,0,1,0,0,0.5
199,0.36894736842105263,0.25925925925925924,3,1,2,1,0,0,0,0,1,0,1.0
200,0.3684210526315789,0.27901234567901234,3,1,2,1,0,1,0,1,0,0,0.5
201,0.3684210526315789,0.25277777777777777,3,1,2,0,1,1,0,1,0,0,0.5
202,0.3684210526315789,0.254320987654321,2,1,1,1,0,1,0,0,1,0,0.5
203,0.3684210526315789,0.3333333333333333,4,1,2,1,0,0,0,0,0,0,0.5
204,0.3684210526315789,0.29444444444444445,3,1,1,1,1,1,0,0,0,0,0.5
205,0.3684210526315789,0.3888888888888889,3,1,1,1,0,0,0,1,2,0,0.5
206,0.3684210526315789,0.35802469135802467,2,1,1,1,1,1,0,1,0,0,0.5
207,0.3684210526315789,0.18518518518518517,3,1,2,1,0,1,0,1,0,0,0.5
208,0.3684210526315789,0.18333333333333332,3,1,3,1,0,0,0,0,0,0,0.5
209,0.3684210526315789,0.4148148148148148,3,1,1,1,0,0,0,0,0,0,0.0
210,0.3684210526315789,0.2867901234567901,3,1,2,1,1,1,0,0,2,0,0.5
211,0.3684210526315789,0.7962962962962963,3,1,1,1,0,0,0,0,2,0,1.0
212,0.3678947368421053,0.2111111111111111,4,2,2,1,0,1,0,1,2,0,0.5
213,0.3678947368421053,0.30833333333333335,4,2,1,1,0,1,0,0,0,0,0.5
214,0.36578947368421055,0.26851851851851855,2,1,1,1,0,1,0,0,0,0,0.0
215,0.3631578947368421,0.25679012345679014,3,1,3,1,0,0,0,0,0,0,0.0
216,0.3631578947368421,0.3728395061728395,3,1,1,1,0,0,0,0,2,1,0.5
217,0.3631578947368421,0.42358024691358026,3,1,2,1,0,0,0,1,2,1,1.0
218,0.3631578947368421,0.2972222222222222,2,1,1,1,0,0,0,1,0,1,0.5
219,0.3605263157894737,0.43209876543209874,3,1,2,1,0,1,0,0,0,0,0.0
220,0.3605263157894737,0.5,4,1,4,1,0,1,0,1,2,0,0.5
221,0.358421052631579,0.2111111111111111,4,2,2,1,0,0,0,0,0,0,0.5
222,0.35789473684210527,0.5658024691358025,2,1,1,1,0,1,0,1,2,0,0.5
223,0.35789473684210527,0.3901851851851852,3,1,2,1,0,1,0,1,1,0,1.0
224,0.35789473684210527,0.6320987654320988,2,1,1,1,0,0,0,1,2,1,0.0
225,0.35736842105263156,0.39753086419753086,2,1,1,1,0,0,0,1,3,0,0.5
226,0.3526315789473684,0.3191358024691358,3,1,4,1,0,0,0,1,0,0,0.5
227,0.3526315789473684,0.37037037037037035,2,1,1,1,0,1,0,1,1,0,1.0
228,0.3526315789473684,0.22407407407407406,3,1,2,1,0,0,0,0,2,0,0.5
229,0.3526315789473684,0.5967283950617284,4,2,2,1,1,1,0,0,1,0,0.5
230,0.3526315789473684,0.3333333333333333,2,1,2,1,0,0,0,0,0,1,0.5
231,0.3526315789473684,0.26666666666666666,3,1,1,1,0,0,0,0,0,1,0.5
232,0.35,0.23117283950617284,3,1,2,1,0,1,0,0,0,0,1.0
233,0.3473684210526316,0.25679012345679014,3,1,1,1,1,1,0,1,0,0,0.0
234,0.3473684210526316,0.23950617283950618,3,2,2,1,0,1,0,0,2,0,0.5
235,0.3473684210526316,0.3506172839506173,3,1,2,1,1,0,0,1,1,0,0.5
236,0.3473684210526316,0.17716049382716048,2,1,2,1,1,1,0,0,0,1,0.5
237,0.3473684210526316,0.30925925925925923,3,1,2,1,0,1,0,0,0,0,0.5
238,0.3468421052631579,0.27839506172839507,4,2,2,1,0,1,0,0,0,0,0.5
239,0.3447368421052632,0.24691358024691357,3,1,2,1,0,0,0,0,1,0,1.0
240,0.3447368421052632,0.23703703703703705,3,1,2,1,0,0,0,0,1,1,0.5
241,0.34210526315789475,0.23209876543209876,3,1,1,1,0,0,0,0,2,0,0.5
242,0.34210526315789475,0.22469135802469137,3,1,2,1,0,0,0,1,0,0,1.0
243,0.34210526315789475,0.1574074074074074,3,1,2,1,0,1,0,0,0,0,1.0
244,0.34210526315789475,0.32839506172839505,3,1,2,1,1,1,0,0,0,1,0.5
245,0.34210526315789475,0.3308641975308642,3,1,2,1,0,0,0,0,2,1,0.0
246,0.34210526315789475,0.21728395061728395,3,1,1,1,0,0,0,0,0,1,0.5
247,0.34210526315789475,0.5185185185185185,4,1,4,1,0,0,0,0,3,0,0.0
248,0.34157894736842104,0.25308641975308643,2,2,1,1,1,1,0,0,0,0,0.5
249,0.34157894736842104,0.3080246913580247,4,2,2,1,1,1,0,0,0,1,1.0
250,0.3394736842105263,0.21666666666666667,3,1,3,1,0,0,0,0,0,0,0.5
251,0.3394736842105263,0.21296296296296297,3,1,2,1,0,1,0,0,1,0,0.5
252,0.3394736842105263,0.608641975308642,3,1,1,1,0,0,0,0,0,0,0.5
253,0.3394736842105263,0.21728395061728395,2,1,2,1,0,0,0,0,0,1,1.0
254,0.3368421052631579,0.27839506172839507,4,1,2,1,0,0,0,1,2,0,0.5
255,0.3368421052631579,0.3632716049382716,2,1,1,1,0,0,0,1,1,0,0.0
256,0.3368421052631579,0.24691358024691357,3,1,2,1,0,0,0,0,2,0,1.0
257,0.3368421052631579,0.5092592592592593,3,1,1,1,0,0,0,0,0,0,1.0
258,0.3368421052631579,0.24938271604938272,3,1,2,1,0,0,0,0,1,0,0.5
259,0.33631578947368423,0.3925925925925926,2,1,1,1,0,1,0,1,1,0,1.0
260,0.33631578947368423,0.19518518518518518,3,1,2,1,0,0,0,1,1,0,1.0
261,0.33631578947368423,0.21666666666666667,3,1,2,1,0,0,0,0,0,0,0.5
262,0.33421052631578946,0.23148148148148148,2,1,1,1,1,1,0,0,0,0,0.5
263,0.33157894736842103,0.24493827160493828,3,1,2,0,0,0,0,0,0,0,0.5
264,0.33157894736842103,0.30246913580246915,2,1,2,1,0,1,0,0,0,0,0.5
265,0.3310526315789474,0.17777777777777778,3,1,2,1,0,0,0,0,0,1,0.5
266,0.3310526315789474,0.3012345679012346,3,1,1,1,0,0,0,0,2,1,0.0
267,0.3310526315789474,0.3037037037037037,3,1,2,1,0,0,0,0,1,0,0.5
268,0.3294736842105263,0.3055555555555556,4,1,2,1,0,0,0,1,0,0,0.5
269,0.32894736842105265,0.24074074074074073,3,1,2,1,0,0,0,0,0,0,0.0
270,0.3263157894736842,0.2777777777777778,3,2,3,1,0,0,1,0,1,0,1.0
271,0.3263157894736842,0.1175925925925926,5,1,2,0,0,1,0,0,0,0,0.5
272,0.3263157894736842,0.2515432098765432,3,1,1,1,1,1,0,0,2,0,0.5
273,0.3263157894736842,0.21604938271604937,4,1,2,1,0,0,0,0,2,0,1.0
274,0.3263157894736842,0.39814814814814814,4,1,2,1,0,0,0,0,0,0,0.5
275,0.32473684210526316,0.24888888888888888,2,1,1,1,0,1,0,0,0,0,1.0
276,0.3236842105263158,0.2716049382716049,2,1,1,1,0,0,0,0,1,0,0.5
277,0.3236842105263158,0.6395061728395062,2,1,1,1,0,0,0,0,1,1,0.5
278,0.3215789473684211,0.20987654320987653,3,1,2,1,0,1,0,0,2,1,0.5
279,0.32105263157894737,0.3925925925925926,2,1,1,1,0,0,0,0,0,0,1.0
280,0.32105263157894737,0.3925925925925926,2,1,2,1,0,0,0,0,0,0,0.0
281,0.32105263157894737,0.2777777777777778,2,1,1,1,0,0,0,1,2,0,1.0
282,0.32105263157894737,0.13425925925925927,3,1,2,0,1,1,0,1,0,0,0.0
283,0.32105263157894737,0.2691358024691358,4,1,2,1,0,0,0,0,0,0,1.0
284,0.32105263157894737,0.47962962962962963,2,1,1,1,0,0,0,0,1,0,1.0
285,0.31842105263157894,0.4104938271604938,3,1,2,1,1,0,0,0,0,0,0.5
286,0.31842105263157894,0.17203703703703704,3,1,1,1,0,1,0,0,0,1,1.0
287,0.3157894736842105,0.3395061728395062,3,1,2,1,0,0,0,1,0,0,0.0
288,0.3157894736842105,0.3111111111111111,3,1,2,1,0,1,0,1,0,0,0.0
289,0.3157894736842105,0.3611111111111111,2,1,1,1,1,1,0,0,2,0,0.5
290,0.3157894736842105,0.16111111111111112,4,3,2,0,0,0,0,0,0,0,0.5
291,0.3157894736842105,0.18228395061728395,3,1,2,1,0,1,0,1,0,0,0.0
292,0.3157894736842105,0.1695679012345679,4,2,2,0,0,0,0,0,0,0,0.5
293,0.3157894736842105,0.2722222222222222,2,1,1,0,0,0,0,0,1,0,0.0
294,0.3157894736842105,0.24691358024691357,4,2,2,0,0,0,0,0,0,0,0.5
295,0.3157894736842105,0.14351851851851852,3,1,2,0,0,0,0,0,0,0,0.5
296,0.3157894736842105,0.2839506172839506,3,2,2,1,0,0,0,1,1,0,0.5
297,0.3157894736842105,0.22469135802469137,3,2,2,1,0,1,0,0,0,0,0.0
298,0.3157894736842105,0.35802469135802467,3,1,1,1,0,0,1,0,2,0,0.5
299,0.3157894736842105,0.43209876543209874,3,1,1,1,0,0,0,0,3,0,1.0
300,0.3157894736842105,0.25179012345679014,3,1,3,1,0,0,0,0,0,0,0.5
301,0.3157894736842105,0.21728395061728395,3,1,2,1,0,0,0,0,0,1,0.5
302,0.3157894736842105,0.13240740740740742,3,1,3,1,0,0,0,0,1,1,0.0
303,0.3157894736842105,0.2777777777777778,3,1,1,1,0,1,0,0,0,0,1.0
304,0.31526315789473686,0.5092592592592593,3,1,1,1,0,1,0,0,3,0,0.5
305,0.31526315789473686,0.21296296296296297,3,1,2,1,0,0,0,0,1,0,0.5
306,0.3131578947368421,0.29876543209876544,3,1,2,1,0,0,0,0,1,0,0.5
307,0.3131578947368421,0.2518518518518518,3,1,2,1,0,0,0,0,2,0,0.5
308,0.3131578947368421,0.24975308641975308,3,1,2,1,0,1,0,0,1,0,0.5
309,0.3105263157894737,0.2859259259259259,4,1,2,1,0,0,0,1,0,0,0.5
310,0.3105263157894737,0.36944444444444446,3,1,1,1,0,1,0,0,0,0,0.5
311,0.31,0.37407407407407406,2,1,1,1,0,1,0,0,1,0,0.5
312,0.30815789473684213,0.2222222222222222,3,1,1,1,0,1,0,1,0,1,1.0
313,0.3078947368421053,0.2271604938271605,3,2,2,1,0,0,0,0,0,0,0.5
314,0.3078947368421053,0.24938271604938272,2,1,2,1,0,0,0,0,1,0,0.5
315,0.3078947368421053,0.345679012345679,2,1,1,1,0,0,0,1,0,0,0.5
316,0.30526315789473685,0.36419753086419754,4,2,2,0,0,1,0,0,1,0,0.0
317,0.30526315789473685,0.30814814814814817,3,2,2,1,0,0,0,0,2,0,0.0
318,0.30526315789473685,0.2679012345679012,3,1,1,1,0,0,0,0,0,0,0.5
319,0.30526315789473685,0.18518518518518517,4,1,3,1,0,1,0,1,2,0,0.5
320,0.30526315789473685,0.26666666666666666,3,1,2,1,0,0,0,0,2,1,1.0
321,0.3026315789473684,0.22407407407407406,3,2,2,1,0,0,1,0,2,0,0.5
322,0.3026315789473684,0.21358024691358024,3,2,1,1,0,1,0,1,1,0,1.0
323,0.3026315789473684,0.3333333333333333,3,1,1,1,0,0,0,0,3,0,0.5
324,0.3013157894736842,0.2777777777777778,3,1,2,0,0,1,0,1,0,0,0.5
325,0.3013157894736842,0.21358024691358024,4,1,2,1,0,0,0,1,0,0,0.5
326,0.3,0.25308641975308643,4,1,1,0,0,1,0,0,0,0,0.0
327,0.3,0.4,3,1,2,0,0,0,0,1,1,0,0.5
328,0.3,0.2777777777777778,3,2,2,0,0,1,0,1,0,0,0.5
329,0.3,0.24444444444444444,3,1,2,1,0,0,0,0,0,0,1.0
330,0.3,0.25,2,1,2,1,1,1,0,0,0,1,0.0
331,0.29473684210526313,0.44814814814814813,3,2,1,1,1,1,0,0,3,0,1.0
332,0.29473684210526313,0.3395061728395062,4,1,2,1,1,1,0,0,0,0,0.5
333,0.29473684210526313,0.18518518518518517,3,1,2,1,0,0,0,0,0,0,0.5
334,0.29473684210526313,0.20308641975308642,2,1,1,1,0,0,1,0,1,0,1.0
335,0.29473684210526313,0.23555555555555555,2,1,1,1,0,1,0,1,2,0,1.0
336,0.29473684210526313,0.49876543209876545,3,1,1,1,0,0,0,1,2,0,0.5
337,0.29473684210526313,0.13240740740740742,4,2,1,1,0,1,0,0,0,1,0.0
338,0.29210526315789476,0.23333333333333334,2,1,2,1,1,1,0,0,0,0,0.5
339,0.29210526315789476,0.1962962962962963,4,2,2,1,0,0,0,0,0,0,1.0
340,0.2894736842105263,0.3271604938271605,5,2,2,1,0,0,0,0,0,0,0.5
341,0.2894736842105263,0.1962962962962963,2,2,1,1,0,1,0,0,2,0,0.5
342,0.2894736842105263,0.4414814814814815,3,1,2,1,0,0,0,1,0,0,1.0
343,0.2894736842105263,0.2518518518518518,2,1,1,1,0,0,0,0,0,0,0.5
344,0.2894736842105263,0.23765432098765432,2,1,1,1,0,0,0,0,0,0,0.5
345,0.2894736842105263,0.12438271604938271,3,1,2,1,0,1,0,0,0,1,0.5
346,0.2894736842105263,0.134320987654321,2,1,2,1,1,0,0,0,0,1,0.5
347,0.28842105263157897,0.20679012345679013,3,1,2,1,0,0,0,0,0,0,0.0
348,0.2868421052631579,0.19444444444444445,2,2,1,0,0,1,0,0,0,0,0.5
349,0.28421052631578947,0.2975308641975309,3,1,2,1,0,0,0,0,0,0,0.5
350,0.28421052631578947,0.2111111111111111,2,1,2,1,0,0,1,0,1,0,0.5
351,0.28421052631578947,0.2222222222222222,2,1,1,1,0,0,0,0,0,0,0.5
352,0.28421052631578947,0.35987654320987655,2,1,1,1,0,0,0,0,2,0,0.0
353,0.28421052631578947,0.17629629629629628,3,1,3,1,0,0,0,0,0,1,1.0
354,0.28421052631578947,0.5185185185185185,2,1,1,1,0,0,0,0,1,0,1.0
355,0.2836842105263158,0.5092592592592593,3,1,1,1,0,0,0,0,2,0,1.0
356,0.2836842105263158,0.15555555555555556,5,2,1,0,0,1,0,1,1,0,1.0
357,0.2836842105263158,0.42777777777777776,4,1,2,0,0,0,0,0,1,0,1.0
358,0.28157894736842104,0.21481481481481482,2,1,1,1,0,0,0,0,0,1,0.5
359,0.2789473684210526,0.2222222222222222,3,1,1,1,0,0,0,0,1,0,0.0
360,0.2789473684210526,0.24938271604938272,2,1,1,1,0,0,0,0,0,0,0.5
361,0.2789473684210526,0.37160493827160496,3,1,1,1,0,0,0,0,0,0,0.5
362,0.2789473684210526,0.25,2,1,1,1,0,0,0,0,0,0,1.0
363,0.2789473684210526,0.22123456790123458,2,1,1,1,0,0,1,0,0,0,0.5
364,0.27842105263157896,0.1925925925925926,3,1,2,0,0,1,1,0,0,0,0.5
365,0.27842105263157896,0.33641975308641975,2,1,1,1,0,0,0,0,0,0,1.0
366,0.27631578947368424,0.22407407407407406,2,1,1,1,0,1,0,0,0,0,1.0
367,0.27631578947368424,0.22407407407407406,2,1,1,1,0,0,0,1,0,0,0.0
368,0.27631578947368424,0.34814814814814815,2,1,1,0,0,0,0,0,0,0,0.5
369,0.27631578947368424,0.2222222222222222,2,1,1,1,0,0,0,0,0,0,1.0
370,0.2736842105263158,0.2641975308641975,2,1,1,1,0,0,0,1,2,0,0.5
371,0.2736842105263158,0.22037037037037038,3,1,2,1,0,1,0,0,0,0,0.5
372,0.2736842105263158,0.1962962962962963,3,1,2,0,0,1,0,0,0,0,0.5
373,0.2736842105263158,0.18518518518518517,2,1,2,1,0,0,0,1,0,0,1.0
374,0.2736842105263158,0.21728395061728395,2,2,1,1,0,1,0,0,0,0,0.5
375,0.2736842105263158,0.36790123456790125,3,1,2,1,1,1,0,0,0,0,0.0
376,0.2736842105263158,0.25493827160493826,3,2,2,1,0,0,0,0,2,0,0.5
377,0.2736842105263158,0.17592592592592593,3,2,2,0,0,1,0,0,0,1,0.0
378,0.2736842105263158,0.1404320987654321,3,1,3,1,0,0,1,1,0,1,0.5
379,0.2731578947368421,0.21728395061728395,3,1,1,1,0,0,0,0,2,1,0.0
380,0.2710526315789474,0.2777777777777778,2,1,1,1,0,0,0,0,0,0,0.5
381,0.2710526315789474,0.24691358024691357,2,1,1,1,0,0,0,0,0,1,0.5
382,0.26842105263157895,0.19444444444444445,3,1,2,1,0,1,0,0,0,0,1.0
383,0.26842105263157895,0.2777777777777778,4,2,2,1,0,1,0,0,2,0,1.0
384,0.26842105263157895,0.2777777777777778,2,1,1,0,0,0,0,0,0,0,1.0
385,0.26842105263157895,0.22469135802469137,2,1,1,1,0,0,0,0,0,0,0.0
386,0.2657894736842105,0.23765432098765432,3,1,1,1,0,0,0,0,2,0,0.0
387,0.2631578947368421,0.2617283950617284,3,1,2,1,0,0,0,1,0,0,0.5
388,0.2631578947368421,0.22530864197530864,3,1,2,1,0,0,0,0,0,0,0.0
389,0.2631578947368421,0.2839506172839506,4,1,2,1,0,0,0,0,0,0,0.5
390,0.2631578947368421,0.13179012345679011,3,2,2,0,0,0,0,0,0,0,0.0
391,0.2631578947368421,0.1874074074074074,3,1,2,1,0,1,0,0,0,0,0.5
392,0.2631578947368421,0.2462962962962963,3,1,2,1,0,0,0,0,0,0,0.5
393,0.2631578947368421,0.4582716049382716,3,1,1,0,0,0,0,0,0,0,0.0
394,0.2631578947368421,0.21481481481481482,3,1,1,0,0,0,0,1,0,0,0.0
395,0.2631578947368421,0.2222222222222222,6,1,2,1,0,0,0,0,1,0,0.0
396,0.2631578947368421,0.22469135802469137,2,1,1,1,0,0,0,0,1,0,0.5
397,0.2631578947368421,0.36419753086419754,2,1,1,1,0,0,0,0,1,0,1.0
398,0.2631578947368421,0.1925925925925926,3,1,2,1,0,0,0,0,1,0,0.0
399,0.2631578947368421,0.4537037037037037,2,1,1,1,0,0,0,0,1,0,0.5
400,0.2631578947368421,0.21679012345679013,2,1,1,1,0,0,0,0,1,1,0.0
401,0.2631578947368421,0.5864197530864198,3,1,2,1,0,0,0,0,3,1,0.0
402,0.2631578947368421,0.362962962962963,2,1,1,1,0,0,0,0,0,0,0.0
403,0.2631578947368421,0.7990123456790124,3,1,1,1,0,0,0,0,0,0,0.0
404,0.26263157894736844,0.30246913580246915,3,1,2,0,0,0,0,0,0,0,0.0
405,0.26052631578947366,0.18888888888888888,3,1,1,1,0,0,0,0,0,0,0.0
406,0.26052631578947366,0.32839506172839505,2,1,1,1,0,0,0,0,1,1,0.0
407,0.26052631578947366,0.13240740740740742,3,1,3,1,0,0,0,0,0,1,1.0
408,0.2578947368421053,0.24691358024691357,2,1,1,1,0,0,0,0,0,0,0.0
409,0.2578947368421053,0.19660493827160494,2,1,1,1,0,0,0,0,2,0,0.0
410,0.2578947368421053,0.23765432098765432,3,1,1,1,0,0,0,0,0,0,0.0
411,0.2578947368421053,0.13240740740740742,3,1,3,1,0,0,0,0,0,1,1.0
412,0.2578947368421053,0.16111111111111112,3,1,2,1,0,1,0,0,0,1,0.0
413,0.2578947368421053,0.12037037037037036,3,2,2,1,0,1,0,0,0,1,0.0
414,0.2573684210526316,0.24938271604938272,2,1,1,1,0,0,0,0,0,0,0.0
415,0.25526315789473686,0.2953703703703704,3,1,2,1,1,1,0,1,1,0,1.0
416,0.25526315789473686,0.21296296296296297,3,1,1,1,0,1,0,0,2,0,0.0
417,0.25526315789473686,0.22469135802469137,2,1,1,1,0,0,0,0,0,0,1.0
418,0.25263157894736843,0.21604938271604937,4,1,2,1,0,0,0,1,2,0,0.0
419,0.25263157894736843,0.30617283950617286,4,1,3,0,0,0,0,0,0,0,0.5
420,0.25263157894736843,0.254320987654321,2,1,2,1,0,0,0,0,0,0,0.0
421,0.25263157894736843,0.2932098765432099,2,1,1,1,0,0,0,0,0,0,0.0
422,0.25263157894736843,0.22962962962962963,2,1,1,0,0,0,0,1,0,0,0.0
423,0.25263157894736843,0.23148148148148148,3,1,1,1,0,0,0,0,0,0,0.0
424,0.25263157894736843,0.19135802469135801,3,1,2,0,0,1,0,0,0,0,0.5
425,0.25263157894736843,0.19660493827160494,2,1,1,1,0,1,0,0,2,0,1.0
426,0.2521052631578947,0.16666666666666666,3,1,1,0,0,0,0,0,0,0,1.0
427,0.2505263157894737,0.13240740740740742,3,1,2,1,0,1,0,0,0,1,1.0
428,0.25,0.24938271604938272,2,1,1,1,0,0,0,0,1,0,0.0
429,0.25,0.29475308641975306,4,1,2,1,0,0,0,0,0,0,0.0
430,0.24736842105263157,0.15432098765432098,2,1,1,0,0,0,0,1,0,0,0.0
431,0.24736842105263157,0.1962962962962963,4,1,2,1,0,1,0,1,0,0,0.0
432,0.24736842105263157,0.37407407407407406,3,1,1,1,1,1,0,0,0,0,1.0
433,0.24736842105263157,0.21481481481481482,4,1,2,0,0,0,0,0,1,0,0.5
434,0.24736842105263157,0.23407407407407407,4,1,2,1,0,0,0,0,0,0,0.5
435,0.24736842105263157,0.24938271604938272,2,1,1,1,0,0,0,0,0,0,0.0
436,0.24736842105263157,0.13240740740740742,3,1,2,1,0,1,0,0,0,1,1.0
437,0.24736842105263157,0.362962962962963,3,1,1,1,0,0,0,0,1,0,0.0
438,0.24473684210526317,0.2777777777777778,2,1,1,0,0,0,0,0,0,0,0.5
439,0.24473684210526317,0.24259259259259258,2,1,1,0,0,0,0,0,0,0,0.0
440,0.2431578947368421,0.22469135802469137,4,1,2,1,0,1,0,0,0,0,0.0
441,0.24210526315789474,0.2697530864197531,3,1,2,1,0,0,0,0,0,0,0.0
442,0.24210526315789474,0.165679012345679,2,1,1,1,0,0,0,1,1,0,0.0
443,0.24210526315789474,0.26666666666666666,3,1,1,0,0,0,0,0,1,0,0.0
444,0.24210526315789474,0.1925925925925926,3,1,2,0,0,0,0,0,0,0,1.0
445,0.23684210526315788,0.21296296296296297,1,1,1,1,0,0,0,0,0,0,1.0
446,0.23684210526315788,0.24604938271604937,2,2,1,0,1,1,0,0,1,0,0.0
447,0.23684210526315788,0.21604938271604937,2,1,1,0,0,1,0,0,0,0,0.5
448,0.23684210526315788,0.25277777777777777,2,1,1,1,0,0,0,0,2,0,0.5
449,0.23684210526315788,0.10185185185185185,3,1,2,0,0,1,0,0,0,0,0.0
450,0.23684210526315788,0.21296296296296297,3,1,2,1,0,1,0,0,0,0,0.5
451,0.23684210526315788,0.4166666666666667,2,1,1,1,0,0,0,0,0,0,0.5
452,0.23684210526315788,0.5555555555555556,3,1,2,1,0,0,0,0,2,0,0.5
453,0.23684210526315788,0.18944444444444444,2,1,1,1,0,0,0,0,1,0,0.0
454,0.2363157894736842,0.2777777777777778,3,1,2,1,0,0,0,1,0,0,0.0
455,0.23526315789473684,0.3391975308641975,3,1,1,1,0,1,0,0,0,0,0.0
456,0.2345,0.14802469135802468,3,1,1,1,0,0,0,0,0,1,0.5
457,0.23421052631578948,0.18518518518518517,3,1,1,0,0,0,0,1,0,0,0.0
458,0.23421052631578948,0.23765432098765432,3,1,2,1,0,0,0,0,0,0,0.0
459,0.23421052631578948,0.21604938271604937,2,1,1,1,0,0,0,0,0,0,0.0
460,0.23210526315789473,0.5,2,1,1,1,0,0,0,0,1,0,0.0
461,0.23157894736842105,0.30617283950617286,2,1,1,1,0,1,0,1,0,0,0.0
462,0.23157894736842105,0.13333333333333333,3,1,2,0,0,1,0,0,0,0,0.5
463,0.23157894736842105,0.19074074074074074,2,1,1,1,1,1,0,0,0,0,0.0
464,0.23157894736842105,0.2777777777777778,2,1,2,1,0,0,1,0,1,0,0.5
465,0.22894736842105262,0.2345679012345679,2,1,1,1,0,0,0,0,0,0,0.0
466,0.22631578947368422,0.19074074074074074,3,1,2,0,0,0,0,0,0,0,0.5
467,0.22631578947368422,0.2,3,1,2,1,0,0,0,0,2,0,0.5
468,0.22631578947368422,0.175,2,1,1,1,0,0,0,0,0,0,0.5
469,0.22631578947368422,0.2839506172839506,2,1,1,1,0,0,0,0,0,0,1.0
470,0.22631578947368422,0.31333333333333335,3,1,1,0,0,0,0,0,0,0,0.0
471,0.22631578947368422,0.23148148148148148,3,1,2,1,0,0,0,0,0,0,0.0
472,0.22631578947368422,0.22407407407407406,4,1,2,1,0,0,0,0,3,0,0.5
473,0.22578947368421054,0.49691358024691357,2,1,1,1,0,0,0,0,0,0,0.0
474,0.2236842105263158,0.268641975308642,4,1,2,0,0,0,0,0,1,0,0.0
475,0.22263157894736843,0.18518518518518517,2,1,2,1,0,0,0,0,0,0,0.5
476,0.22105263157894736,0.3611111111111111,3,1,2,1,0,1,0,0,1,0,0.0
477,0.22105263157894736,0.30617283950617286,2,1,1,1,0,0,0,0,0,0,0.0
478,0.22105263157894736,0.2222222222222222,3,1,2,0,0,0,0,0,1,0,0.0
479,0.22105263157894736,0.22592592592592592,4,1,2,0,0,0,0,0,0,0,0.0
480,0.22105263157894736,0.21481481481481482,3,1,2,0,0,0,0,0,1,0,0.5
481,0.22105263157894736,0.16666666666666666,2,1,1,0,0,0,0,0,0,0,1.0
482,0.22105263157894736,0.19444444444444445,3,1,2,0,0,0,0,0,0,0,0.0
483,0.22105263157894736,0.4083333333333333,3,1,2,1,0,0,0,0,0,0,0.5
484,0.21578947368421053,0.18765432098765433,2,1,1,0,0,0,0,0,0,0,0.0
485,0.21578947368421053,0.22407407407407406,2,1,1,1,0,0,0,0,0,0,0.0
486,0.21578947368421053,0.37037037037037035,2,1,1,1,0,0,0,0,0,0,0.5
487,0.21578947368421053,0.3333333333333333,4,1,2,1,0,0,0,0,0,0,0.0
488,0.21447368421052632,0.32098765432098764,4,1,3,1,0,0,0,0,0,0,0.0
489,0.2131578947368421,0.2037037037037037,3,1,2,0,0,0,0,0,1,0,0.5
490,0.2131578947368421,0.26851851851851855,3,1,2,0,0,0,1,0,1,0,0.0
491,0.2131578947368421,0.16296296296296298,2,1,1,0,0,0,0,0,1,0,1.0
492,0.21052631578947367,0.16358024691358025,3,1,2,1,0,1,0,0,1,0,0.0
493,0.21052631578947367,0.24444444444444444,3,1,1,1,0,0,0,0,0,0,1.0
494,0.20526315789473684,0.41975308641975306,2,1,1,1,0,0,0,0,0,0,0.0
495,0.20526315789473684,0.24691358024691357,3,1,2,1,0,0,0,0,1,0,0.0
496,0.2026315789473684,0.24691358024691357,2,1,1,1,0,0,0,0,0,0,0.0
497,0.2,0.2428395061728395,2,1,1,1,0,0,0,0,0,0,0.0
498,0.2,0.12345679012345678,2,1,2,1,0,0,0,0,0,0,0.5
499,0.2,0.22407407407407406,3,3,2,0,1,0,0,0,0,0,0.0
500,0.2,0.1728395061728395,3,1,1,1,0,0,0,0,0,0,0.0
501,0.2,0.15,3,1,1,0,0,0,0,0,0,0,0.0
502,0.2,0.21481481481481482,2,1,1,1,0,0,0,0,1,0,0.5
503,0.2,0.24691358024691357,3,1,1,1,0,0,0,0,0,0,0.5
504,0.1994736842105263,0.19660493827160494,2,1,1,1,0,0,0,1,0,0,0.0
505,0.1994736842105263,0.24691358024691357,3,1,2,1,0,0,0,1,0,0,0.0
506,0.1957894736842105,0.17962962962962964,2,1,1,0,0,0,0,0,0,0,0.0
507,0.19473684210526315,0.2222222222222222,2,1,1,1,0,0,0,0,0,0,0.0
508,0.19473684210526315,0.2716049382716049,2,1,1,1,0,0,0,0,0,0,0.0
509,0.19473684210526315,0.2222222222222222,2,2,2,1,0,1,0,0,1,0,1.0
510,0.18947368421052632,0.17777777777777778,3,1,1,0,0,0,0,0,0,0,0.0
511,0.18947368421052632,0.1962962962962963,3,1,1,0,0,0,0,0,0,0,0.0
512,0.18947368421052632,0.18518518518518517,2,1,2,1,0,0,0,0,0,0,1.0
513,0.1868421052631579,0.2716049382716049,3,1,2,1,0,0,0,0,0,0,0.0
514,0.1868421052631579,0.18518518518518517,3,1,2,0,0,0,0,0,0,0,0.5
515,0.18421052631578946,0.19814814814814816,3,1,2,1,0,1,0,0,0,0,0.0
516,0.18421052631578946,0.2,2,1,1,0,1,0,0,0,1,0,0.0
517,0.18421052631578946,0.18518518518518517,2,1,1,1,0,0,0,0,1,0,0.0
518,0.18421052631578946,0.21604938271604937,2,1,1,1,1,0,0,0,0,0,0.0
519,0.18421052631578946,0.29876543209876544,2,1,2,1,0,0,0,0,0,0,0.0
520,0.18421052631578946,0.47530864197530864,2,1,1,1,0,0,0,0,0,0,0.0
521,0.18105263157894738,0.2243827160493827,2,1,1,0,0,0,0,0,0,0,0.0
522,0.17894736842105263,0.1527777777777778,3,1,2,1,0,0,0,0,0,0,1.0
523,0.17894736842105263,0.17203703703703704,4,2,2,1,0,0,0,0,0,0,1.0
524,0.17894736842105263,0.20148148148148148,2,1,1,1,0,0,0,0,0,0,0.0
525,0.1763157894736842,0.22469135802469137,2,1,1,1,0,0,0,0,0,0,0.0
526,0.1736842105263158,0.1962962962962963,2,1,1,1,0,0,0,0,0,0,0.0
527,0.17105263157894737,0.11333333333333333,2,1,1,0,0,1,0,0,0,0,0.5
528,0.17105263157894737,0.24506172839506174,1,1,1,0,0,0,0,0,0,0,0.0
529,0.17105263157894737,0.24506172839506174,3,1,2,1,0,1,0,0,0,0,0.0
530,0.16842105263157894,0.12037037037037036,3,1,1,0,0,0,1,0,0,0,0.0
531,0.16789473684210526,0.3271604938271605,3,1,1,0,0,0,0,1,0,1,0.0
532,0.16052631578947368,0.18518518518518517,2,1,1,0,0,0,0,0,0,0,0.0
533,0.15789473684210525,0.14814814814814814,3,1,2,1,0,0,0,0,0,0,0.0
534,0.15789473684210525,0.18518518518518517,4,1,2,1,0,0,0,0,0,0,0.0
535,0.15789473684210525,0.2074074074074074,2,1,1,1,0,0,0,0,1,0,0.0
536,0.14736842105263157,0.2111111111111111,5,1,2,0,0,0,0,0,0,0,0.0
537,0.14210526315789473,0.10493827160493827,3,1,2,1,0,0,0,0,0,0,0.0
538,0.14210526315789473,0.22524691358024693,2,1,1,1,0,0,0,0,0,0,0.0
539,0.1394736842105263,0.1845679012345679,2,1,1,0,0,0,0,0,1,0,0.0
540,0.1368421052631579,0.18518518518518517,2,1,1,1,0,1,0,0,2,0,0.0
541,0.13286842105263158,0.14814814814814814,3,1,1,0,0,0,0,0,0,0,0.5
542,0.13157894736842105,0.2234567901234568,2,1,1,1,0,0,0,0,0,0,0.0
543,0.13157894736842105,0.17962962962962964,3,1,1,0,0,0,0,0,0,0,1.0
544,0.13157894736842105,0.23765432098765432,3,1,2,1,0,0,0,0,0,0,0.0
